res1	res2	distance
1	3	6.914
1	2	3.888
2	4	6.752
2	3	3.815
3	4	3.647
3	5	6.446
4	6	6.705
4	5	3.833
5	7	6.643
5	6	3.853
6	7	3.775
6	8	6.542
7	9	7.390
7	8	3.759
8	9	3.851
8	10	6.746
9	10	3.739
9	11	6.241
10	11	3.833
10	12	7.097
11	12	3.834
11	14	7.235
11	13	6.173
12	14	5.750
12	13	3.901
12	15	7.147
13	14	3.883
13	15	6.425
13	16	7.848
14	15	3.888
14	16	6.261
14	17	7.062
15	16	3.899
15	17	6.015
16	17	3.856
16	18	6.250
17	18	3.830
17	19	7.195
18	20	6.350
18	19	3.746
19	21	6.349
19	20	3.828
20	21	3.863
20	22	6.670
21	22	3.801
21	23	6.974
22	24	6.822
22	23	3.893
23	25	7.137
23	24	3.330
24	25	3.827
24	26	7.410
25	27	7.342
25	26	3.668
26	28	6.938
26	27	3.742
27	29	7.100
27	28	3.238
28	29	3.866
28	30	7.177
29	30	3.831
29	31	7.131
30	31	3.787
30	32	6.905
31	33	6.857
31	32	3.841
32	33	3.842
32	34	6.806
33	35	7.232
33	34	3.816
34	36	6.649
34	35	3.848
35	37	6.537
35	36	3.834
36	37	3.869
36	38	6.614
37	39	6.476
37	38	3.836
38	39	3.861
38	40	6.469
39	41	6.606
39	44	7.152
39	43	6.822
39	40	3.863
40	41	3.870
40	44	7.248
40	43	6.087
40	42	5.809
41	44	5.641
41	43	5.610
41	42	3.864
42	45	7.668
42	44	5.875
42	43	3.894
43	45	5.953
43	46	7.145
43	44	3.867
44	45	3.850
44	46	6.615
45	46	3.883
45	47	6.722
46	47	3.831
46	48	7.092
47	49	7.006
47	48	3.789
48	49	3.719
48	50	6.260
49	50	3.861
49	51	6.926
50	52	7.384
50	51	3.776
51	52	3.789
51	53	7.478
52	53	3.847
52	54	7.093
53	54	3.341
53	55	6.678
54	55	3.601
54	56	7.318
55	57	6.955
55	56	3.903
56	57	3.277
56	58	7.214
57	58	3.948
57	59	7.005
58	60	6.780
58	59	3.184
59	60	3.812
59	61	7.197
60	62	7.408
60	61	3.837
61	62	3.827
61	63	7.298
62	64	7.363
62	63	3.659
63	65	7.213
63	64	3.726
64	65	3.626
64	66	6.864
65	67	7.114
65	66	3.546
66	68	7.325
66	67	3.788
67	69	7.215
67	68	3.783
68	69	3.718
68	70	6.785
69	71	7.241
69	70	3.844
70	72	7.215
70	71	3.814
71	73	6.406
71	72	3.765
72	74	6.960
72	73	3.162
73	74	3.885
73	75	7.195
74	75	3.857
74	76	6.551
75	77	7.225
75	76	3.345
76	77	3.888
76	78	7.280
77	78	3.585
77	79	6.821
78	79	3.787
78	80	7.220
79	80	3.821
79	81	7.070
80	81	3.901
80	82	7.059
81	83	6.905
81	82	3.810
82	83	3.860
82	84	7.209
83	85	7.000
83	84	3.906
84	86	6.425
84	85	3.399
85	87	6.949
85	86	3.439
86	88	7.501
86	87	3.794
87	89	6.414
87	88	3.826
88	90	7.133
88	89	3.247
89	90	3.887
89	91	7.447
90	92	6.794
90	91	3.727
91	92	3.285
91	93	7.262
92	94	7.032
92	93	3.980
93	94	3.227
93	95	7.157
94	96	7.243
94	95	3.941
95	96	3.781
95	97	6.845
96	97	3.877
96	98	7.421
97	98	3.832
97	99	7.369
98	99	3.680
98	100	7.003
99	100	3.791
99	101	7.256
100	101	3.663
100	102	7.202
101	103	6.950
101	102	3.563
102	103	3.873
102	104	7.164
103	104	3.796
103	105	6.892
104	105	3.880
104	106	6.850
105	107	6.954
105	106	3.866
106	107	3.873
106	108	6.569
107	108	3.883
107	109	7.143
108	109	3.841
108	110	7.254
109	111	6.888
109	110	3.718
110	111	3.817
110	112	6.729
111	113	6.596
111	112	3.843
112	113	3.802
112	114	6.630
113	114	3.803
113	115	6.467
114	116	6.604
114	115	3.839
115	117	6.494
115	116	3.835
116	117	3.847
116	118	6.721
117	118	3.848
117	119	6.468
118	119	3.786
118	120	6.223
119	121	6.605
119	120	3.814
120	121	3.833
120	122	6.622
121	122	3.768
121	123	5.549
122	123	3.845
122	124	6.700
123	124	3.840
123	125	5.822
124	125	3.874
124	126	5.623
125	126	3.860
125	127	5.464
125	128	7.345
126	127	3.828
126	128	5.824
127	129	5.791
127	128	3.787
127	130	7.981
128	129	3.797
128	130	6.447
129	130	3.840
129	132	5.954
129	131	5.314
129	133	7.922
130	132	5.448
130	131	3.853
130	133	5.659
130	134	7.444
131	132	3.865
131	133	5.661
131	134	5.865
131	135	6.934
132	133	3.867
132	134	5.641
132	135	5.679
133	134	3.867
133	135	5.972
134	136	6.225
134	246	7.986
134	135	3.876
135	138	6.077
135	137	5.649
135	136	3.859
135	246	6.886
135	243	7.996
136	139	7.619
136	293	6.878
136	294	6.037
136	138	5.565
136	137	3.864
136	246	5.376
136	247	7.815
136	295	7.907
136	242	7.709
136	243	4.759
136	244	6.775
137	190	7.040
137	139	6.477
137	189	7.365
137	293	7.797
137	138	3.864
137	246	7.603
137	243	4.700
137	244	5.668
137	188	7.012
138	190	7.334
138	140	6.614
138	139	3.859
138	189	7.611
138	293	7.556
139	190	5.764
139	141	6.663
139	140	3.819
139	292	5.234
139	189	7.359
139	293	5.582
140	141	3.868
140	142	6.468
140	292	4.626
140	293	5.851
140	294	7.582
141	142	3.867
141	143	6.698
141	292	6.491
142	147	7.779
142	143	3.841
142	292	6.261
142	144	6.386
143	147	6.158
143	144	3.845
143	146	5.464
143	145	5.610
144	147	4.979
144	146	5.546
144	145	3.867
144	148	6.218
145	147	5.514
145	146	3.844
145	149	6.273
145	148	5.333
146	147	3.842
146	149	4.851
146	148	5.438
146	150	6.118
147	149	5.444
147	148	3.850
147	150	5.273
147	152	7.768
147	291	7.861
147	151	5.808
148	149	3.870
148	150	5.601
148	152	5.340
148	151	5.567
149	150	3.863
149	152	6.500
149	151	6.184
150	284	7.842
150	287	7.451
150	153	7.636
150	288	5.900
150	152	6.279
150	151	3.857
151	153	5.535
151	288	7.272
151	152	3.883
151	198	5.824
151	197	6.274
151	154	7.399
152	153	3.874
152	154	6.381
153	154	3.851
153	155	6.524
154	198	7.471
154	199	7.419
154	155	3.857
154	156	6.232
155	157	6.140
155	156	3.850
156	535	7.330
156	157	3.840
156	158	6.743
156	160	7.859
157	535	5.129
157	536	5.544
157	158	3.815
157	159	6.018
157	160	6.284
157	537	5.725
158	535	7.654
158	536	5.855
158	159	3.880
158	160	6.044
158	537	5.924
159	535	7.300
159	536	4.324
159	160	3.856
159	161	5.425
159	163	7.686
159	537	6.427
159	162	5.635
160	535	6.690
160	536	5.526
160	161	3.878
160	163	5.809
160	162	5.569
161	164	5.837
161	163	5.400
161	162	3.878
161	165	7.874
162	536	7.216
162	164	5.467
162	163	3.834
162	165	5.630
162	166	7.424
163	536	7.653
163	204	6.886
163	205	6.702
163	164	3.869
163	165	5.427
163	166	5.483
164	204	7.667
164	205	6.537
164	165	3.893
164	166	5.571
165	167	6.326
165	166	3.874
166	205	7.336
166	405	6.880
166	406	5.453
166	167	3.867
166	168	6.425
167	405	6.266
167	406	5.088
167	168	3.847
167	169	6.714
167	407	7.995
168	206	7.904
168	205	7.098
168	405	4.637
168	406	5.956
168	404	5.717
168	403	7.211
168	170	6.590
168	169	3.818
169	405	6.700
169	171	6.502
169	404	5.193
169	403	5.763
169	170	3.839
170	209	7.571
170	401	6.671
170	175	7.185
170	171	3.848
170	404	6.494
170	403	4.430
170	402	5.764
170	172	7.002
171	401	5.654
171	175	6.871
171	403	6.435
171	402	5.156
171	172	3.828
171	173	7.277
172	401	4.670
172	175	5.864
172	400	6.527
172	174	6.388
172	399	7.574
172	402	6.305
172	173	3.820
173	401	7.230
173	175	5.788
173	400	7.881
173	174	3.857
173	399	7.261
174	176	6.320
174	175	3.847
175	213	7.002
175	177	6.578
175	176	3.867
175	401	6.578
176	213	5.826
176	178	6.585
176	177	3.855
176	212	6.257
176	216	7.448
177	179	6.750
177	209	7.311
177	178	3.827
177	212	7.130
178	180	6.945
178	208	5.255
178	179	3.839
178	209	4.636
178	210	7.912
178	212	6.494
179	182	7.320
179	185	7.600
179	184	6.035
179	181	5.747
179	180	3.845
179	208	4.845
179	209	6.693
179	212	7.180
180	182	7.126
180	184	7.108
180	203	6.886
180	181	3.849
180	202	7.495
180	208	6.117
181	182	3.829
181	184	5.574
181	183	5.165
181	203	6.095
181	202	5.777
181	208	7.598
182	192	7.856
182	185	6.263
182	184	5.558
182	183	3.874
182	203	6.373
182	202	6.803
183	186	6.920
183	185	5.528
183	184	3.849
184	186	6.765
184	185	3.872
185	186	3.815
185	187	5.804
185	212	7.109
186	188	5.769
186	187	3.848
187	189	7.149
187	192	6.752
187	241	7.818
187	236	7.634
187	240	5.175
187	237	6.823
187	191	5.955
187	188	3.879
188	190	5.778
188	189	3.858
188	192	6.373
188	243	7.940
188	240	6.382
188	244	7.789
188	191	5.693
189	190	3.867
189	192	5.347
189	193	6.005
189	191	5.606
190	292	6.960
190	293	6.925
190	290	7.781
190	291	7.789
190	289	7.782
190	194	6.128
190	192	5.737
190	193	5.390
190	191	3.847
191	290	7.947
191	289	6.240
191	194	5.127
191	192	3.838
191	193	5.553
191	195	6.146
191	239	7.698
191	236	6.782
191	240	6.443
192	194	5.465
192	193	3.850
192	195	5.075
192	196	6.350
193	194	3.849
193	197	6.337
193	195	5.520
193	196	5.170
194	290	7.834
194	288	6.639
194	291	6.885
194	289	5.536
194	198	6.253
194	197	4.910
194	195	3.903
194	196	5.394
195	289	7.352
195	198	5.111
195	199	6.196
195	197	5.430
195	196	3.854
195	200	5.665
196	198	5.514
196	199	4.904
196	197	3.861
196	201	7.672
196	200	6.332
197	198	3.886
197	199	5.332
197	200	7.919
198	288	7.466
198	199	3.883
198	200	5.525
199	201	5.941
199	200	3.837
200	201	3.849
200	203	7.492
200	202	5.922
201	203	7.184
201	202	3.868
202	204	6.567
202	203	3.854
203	206	7.899
203	207	5.368
203	204	3.838
203	205	6.597
203	208	5.626
204	229	6.274
204	206	5.556
204	228	6.667
204	207	5.099
204	205	3.890
204	208	6.105
205	206	3.860
205	228	7.565
205	207	5.442
205	208	5.065
205	209	6.669
205	405	7.083
206	233	6.714
206	230	6.489
206	229	6.811
206	228	6.644
206	207	3.865
206	208	5.611
206	209	5.596
206	210	5.844
206	405	6.399
206	224	7.030
206	222	7.911
207	233	4.556
207	232	7.345
207	230	6.982
207	229	6.874
207	208	3.883
207	209	5.408
207	211	5.450
207	210	5.073
208	209	3.842
208	211	6.274
208	210	6.120
208	212	7.490
209	213	6.603
209	211	5.850
209	210	3.867
209	212	6.198
209	403	7.761
210	233	5.892
210	234	7.161
210	213	5.096
210	214	6.117
210	211	3.872
210	212	5.742
210	220	7.532
210	403	7.839
210	222	7.796
211	236	7.375
211	237	5.795
211	233	5.623
211	234	6.740
211	215	6.096
211	213	5.562
211	214	5.405
211	212	3.886
212	237	7.823
212	215	4.904
212	213	3.887
212	214	5.535
212	216	6.145
213	215	5.574
213	214	3.854
213	220	7.236
213	401	7.587
213	216	5.339
213	218	5.691
213	217	6.827
213	219	7.648
214	238	7.309
214	237	6.137
214	234	7.190
214	215	3.880
214	220	7.298
214	216	5.379
214	218	5.487
214	217	5.092
214	219	6.964
215	238	7.562
215	241	7.390
215	237	5.521
215	216	3.863
215	218	7.567
215	217	5.359
216	218	5.628
216	217	3.888
217	377	6.354
217	218	3.879
217	219	6.848
218	378	7.902
218	377	6.472
218	220	6.409
218	401	7.210
218	400	6.214
218	399	7.478
218	219	3.809
219	379	5.595
219	378	4.993
219	377	5.481
219	397	6.079
219	398	6.215
219	220	3.830
219	401	6.347
219	400	4.395
219	399	6.703
219	221	7.104
220	380	6.153
220	379	4.668
220	378	6.622
220	397	7.538
220	401	4.977
220	400	5.146
220	403	7.355
220	222	6.083
220	221	3.806
220	402	6.184
221	381	6.192
221	380	4.851
221	379	6.045
221	401	6.170
221	400	6.750
221	393	7.040
221	382	7.959
221	403	6.065
221	223	6.708
221	222	3.837
221	402	4.826
222	381	4.876
222	380	6.126
222	379	7.740
222	405	7.787
222	224	6.143
222	382	6.310
222	404	6.077
222	403	4.684
222	223	3.823
222	402	6.112
223	381	6.076
223	405	6.172
223	225	7.136
223	224	3.837
223	383	5.346
223	382	4.960
223	404	4.838
223	403	6.102
223	402	7.954
223	385	6.949
223	384	6.571
223	408	6.136
224	230	7.521
224	228	6.610
224	381	7.288
224	405	4.999
224	225	3.845
224	406	7.198
224	383	5.168
224	226	6.783
224	382	6.296
224	404	6.318
224	408	6.946
225	227	6.417
225	228	5.811
225	411	7.551
225	412	7.418
225	405	7.510
225	383	5.094
225	226	3.856
225	382	7.766
225	409	7.794
225	408	7.984
225	410	7.897
226	227	3.848
226	230	7.909
226	229	7.820
226	228	5.606
226	530	6.556
226	534	7.707
226	383	6.911
227	535	6.188
227	230	7.410
227	229	5.498
227	228	3.883
227	534	5.504
228	535	7.350
228	230	5.857
228	229	3.882
229	233	6.410
229	232	5.968
229	231	5.657
229	230	3.901
230	233	4.919
230	232	5.718
230	231	3.865
230	381	7.397
230	234	6.741
231	233	5.430
231	232	3.839
231	285	7.479
231	282	6.415
231	235	6.154
231	234	5.840
232	236	5.583
232	233	3.866
232	285	7.385
232	235	4.906
232	234	5.445
233	236	6.215
233	237	7.341
233	235	6.001
233	234	3.862
234	238	6.150
234	236	5.730
234	237	5.958
234	345	7.886
234	235	3.861
234	379	7.852
235	286	6.594
235	289	7.499
235	238	5.274
235	239	5.900
235	236	3.861
235	237	5.887
236	289	6.938
236	238	5.626
236	239	5.437
236	240	6.031
236	237	3.896
237	238	3.878
237	239	5.612
237	241	6.184
237	240	4.946
238	269	7.838
238	239	3.846
238	242	6.275
238	241	5.297
238	240	5.468
238	343	7.188
239	290	7.442
239	289	7.475
239	242	4.957
239	243	6.158
239	241	5.440
239	240	3.862
240	242	5.574
240	243	5.259
240	241	3.839
240	244	6.287
241	246	7.836
241	245	5.812
241	242	3.866
241	243	5.407
241	244	4.984
242	268	7.913
242	246	5.282
242	247	6.994
242	295	7.913
242	245	5.327
242	243	3.873
242	244	5.551
243	293	7.940
243	246	5.173
243	295	7.863
243	245	5.863
243	244	3.855
244	246	5.577
244	245	3.866
245	246	3.871
245	247	6.859
245	248	6.730
246	247	3.869
246	248	5.578
247	252	6.625
247	251	5.891
247	250	7.932
247	268	7.723
247	249	6.896
247	248	3.864
248	252	6.443
248	251	5.790
248	250	5.667
248	249	3.843
249	252	5.061
249	253	5.962
249	251	5.627
249	250	3.848
250	252	5.531
250	254	6.233
250	253	5.229
250	251	3.850
251	255	6.132
251	252	3.881
251	254	5.110
251	253	5.537
252	255	5.054
252	254	5.482
252	256	6.238
252	253	3.843
253	255	5.498
253	254	3.859
253	257	6.125
253	256	5.154
254	260	7.039
254	255	3.888
254	258	6.898
254	257	5.170
254	256	5.479
254	259	6.801
255	260	6.998
255	258	5.993
255	257	5.727
255	256	3.865
255	259	7.664
256	258	5.549
256	257	3.851
257	260	7.810
257	258	3.896
257	259	5.453
258	261	7.500
258	260	5.522
258	259	3.885
259	261	5.562
259	260	3.822
260	261	3.804
260	262	5.416
260	263	7.040
260	264	7.358
261	262	3.886
261	263	5.779
261	264	7.937
262	263	3.881
262	314	5.961
262	264	6.652
263	314	6.106
263	264	3.878
263	335	5.820
263	265	6.927
263	334	7.489
264	314	7.204
264	335	4.242
264	265	3.849
264	266	6.908
264	334	5.980
264	336	5.408
264	337	6.835
265	313	6.854
265	314	6.966
265	335	6.055
265	316	6.678
265	317	6.143
265	267	6.437
265	266	3.829
265	336	4.975
265	337	6.174
266	318	7.057
266	317	6.863
266	267	3.860
266	340	6.240
266	268	6.572
266	336	5.919
266	337	4.965
266	341	7.232
266	338	5.896
266	339	6.929
267	318	4.473
267	317	5.662
267	340	6.731
267	319	5.384
267	268	3.844
267	336	7.690
267	337	7.400
267	320	5.997
267	270	6.472
267	341	5.793
267	338	6.643
267	269	5.317
268	318	5.356
268	340	5.708
268	319	6.058
268	270	6.926
268	341	4.466
268	269	3.847
268	343	6.559
268	342	5.442
269	318	6.561
269	319	4.674
269	320	6.211
269	271	6.708
269	270	3.825
269	341	5.512
269	345	7.932
269	344	6.078
269	343	4.556
269	342	5.962
270	319	5.980
270	320	4.883
270	321	6.043
270	272	6.531
270	322	7.490
270	271	3.841
270	341	6.724
270	345	6.236
270	344	5.067
270	343	6.210
271	319	7.725
271	320	6.140
271	273	6.595
271	321	4.672
271	272	3.829
271	322	6.183
271	345	4.565
271	347	7.308
271	346	5.975
271	344	6.055
272	279	7.661
272	323	5.775
272	273	3.829
272	274	6.988
272	321	6.084
272	322	5.102
272	324	6.393
272	345	6.057
272	347	6.234
272	346	4.844
272	344	7.879
273	276	7.662
273	278	6.401
273	275	5.780
273	279	5.621
273	323	5.262
273	274	3.890
273	321	7.371
273	322	6.149
273	324	7.306
273	347	5.353
273	346	6.335
273	348	6.527
273	352	7.217
273	349	7.658
274	504	7.373
274	276	7.283
274	278	7.401
274	275	3.863
274	279	7.762
274	323	5.735
274	324	7.296
274	347	7.678
274	355	7.274
274	351	6.434
274	348	6.731
274	352	4.911
274	349	7.642
274	357	7.844
275	301	7.643
275	277	5.554
275	504	5.925
275	276	3.850
275	278	5.614
275	279	6.245
275	323	6.114
275	503	7.455
276	301	5.417
276	302	6.874
276	277	3.811
276	504	7.929
276	280	6.090
276	278	5.637
276	279	4.942
276	323	6.595
277	505	5.696
277	504	6.028
277	281	6.203
277	280	5.087
277	278	3.840
277	279	5.375
277	506	7.580
278	505	6.265
278	504	5.134
278	281	4.903
278	280	5.400
278	279	3.855
278	506	7.039
278	282	6.083
279	301	7.419
279	300	7.763
279	281	5.530
279	280	3.881
279	283	6.088
279	323	6.858
279	321	5.840
279	299	6.779
279	322	6.141
279	282	5.275
280	281	3.854
280	284	6.087
280	283	4.925
280	321	7.925
280	299	6.780
280	282	5.582
281	284	5.069
281	283	5.354
281	506	7.413
281	285	6.317
281	282	3.864
282	284	5.530
282	283	3.849
282	321	7.123
282	286	5.995
282	285	5.173
283	298	6.889
283	297	6.689
283	284	3.871
283	321	6.242
283	299	6.239
283	287	6.133
283	286	4.850
283	285	5.498
284	287	5.047
284	286	5.403
284	288	6.518
284	285	3.863
285	287	5.391
285	286	3.855
285	288	5.096
285	289	6.472
286	297	6.445
286	290	5.986
286	287	3.883
286	288	5.453
286	289	5.258
287	297	6.457
287	296	7.958
287	290	4.995
287	288	3.869
287	291	5.993
287	289	5.632
288	290	5.491
288	291	5.322
288	289	3.851
289	290	3.880
289	291	5.612
290	297	7.568
290	296	7.161
290	292	6.245
290	293	5.257
290	294	7.648
290	291	3.812
290	295	6.083
291	292	3.855
291	293	5.538
292	293	3.879
292	294	7.184
293	296	7.894
293	294	3.853
293	295	5.419
294	296	6.363
294	295	3.867
295	297	6.490
295	318	5.640
295	317	7.790
295	296	3.817
295	319	7.169
296	298	6.570
296	297	3.832
296	316	6.580
296	318	5.256
296	317	5.422
296	319	6.332
297	298	3.849
297	318	5.988
297	317	5.992
297	319	4.550
297	320	5.879
297	321	7.494
297	299	7.039
298	312	7.315
298	313	6.545
298	318	7.715
298	317	5.879
298	319	6.273
298	300	6.983
298	320	5.012
298	321	6.184
298	299	3.843
299	301	6.858
299	309	7.496
299	300	3.848
299	320	5.877
299	321	4.719
299	322	5.825
300	301	3.831
300	302	7.308
300	326	6.372
300	309	6.227
300	327	6.890
300	320	7.647
300	323	6.606
300	321	6.395
300	322	4.847
301	304	6.892
301	303	6.776
301	302	3.836
301	326	5.280
301	325	7.748
301	327	7.574
301	323	5.108
301	322	5.851
302	304	5.692
302	303	3.853
302	326	5.543
302	325	7.164
302	323	7.079
303	305	7.212
303	304	3.873
303	477	5.977
304	305	3.831
304	306	6.106
304	477	7.351
305	308	5.638
305	307	5.354
305	306	3.801
305	309	6.842
306	308	5.490
306	307	3.857
306	310	6.023
306	309	5.063
307	308	3.849
307	311	6.123
307	310	5.111
307	309	5.515
308	311	5.165
308	312	6.215
308	310	5.536
308	309	3.848
309	311	5.521
309	312	5.044
309	310	3.876
309	313	6.199
310	311	3.864
310	312	5.363
310	313	5.117
310	314	6.147
310	335	7.254
311	312	3.826
311	313	5.651
311	314	5.209
311	315	6.943
312	313	3.856
312	314	5.436
312	315	5.544
312	316	7.637
313	314	3.870
313	335	7.827
313	315	5.391
313	316	5.637
313	317	5.710
314	315	3.895
314	316	5.492
314	317	7.623
315	316	3.870
315	317	7.048
316	318	6.767
316	317	3.844
317	318	3.851
317	319	5.832
317	320	6.497
318	319	3.859
318	320	6.573
319	320	3.840
319	321	6.716
320	321	3.823
320	322	6.252
321	323	7.328
321	322	3.828
322	326	6.959
322	327	5.968
322	323	3.800
322	324	6.107
323	326	5.717
323	325	5.800
323	327	6.283
323	324	3.889
324	326	5.683
324	325	3.864
324	327	5.142
324	328	6.442
324	360	5.809
324	361	6.171
324	364	7.784
324	357	6.632
325	329	6.636
325	326	3.866
325	327	5.476
325	328	5.445
325	360	6.283
325	357	7.485
326	329	5.132
326	327	3.844
326	330	6.323
326	328	5.543
327	329	5.439
327	330	5.067
327	328	3.857
327	336	7.902
327	331	6.210
327	364	7.971
328	332	6.109
328	329	3.869
328	330	5.446
328	360	6.921
328	331	5.017
328	363	7.696
328	364	6.869
329	333	6.270
329	332	5.219
329	330	3.879
329	331	5.529
330	335	5.225
330	333	5.195
330	332	5.620
330	334	6.453
330	336	5.803
330	331	3.870
331	335	5.699
331	333	5.417
331	332	3.869
331	334	5.037
331	336	4.850
331	337	6.429
332	335	7.603
332	333	3.869
332	334	5.350
333	335	5.483
333	334	3.859
333	336	7.910
334	335	3.875
334	336	5.709
334	337	7.149
335	336	3.853
335	337	6.988
336	337	3.833
336	338	6.716
337	340	7.713
337	370	7.932
337	338	3.824
337	369	6.692
337	339	5.657
338	340	5.514
338	368	7.594
338	370	4.640
338	341	5.038
338	369	5.234
338	371	7.551
338	339	3.870
339	340	3.881
339	370	5.175
339	341	5.876
339	369	4.922
339	371	6.395
340	370	7.195
340	341	3.853
340	371	7.224
340	342	6.050
341	370	6.182
341	371	6.717
341	344	7.078
341	343	5.842
341	342	3.853
341	376	6.901
342	371	7.407
342	344	6.703
342	343	3.837
342	377	6.114
342	376	4.470
342	375	7.326
343	345	6.564
343	344	3.836
343	379	7.875
343	378	6.031
343	377	5.064
343	376	5.779
344	345	3.847
344	346	6.837
344	379	6.232
344	378	4.758
344	377	6.315
344	376	7.072
345	347	6.320
345	381	7.751
345	346	3.835
345	380	5.905
345	379	4.766
345	378	5.971
346	347	3.861
346	381	6.054
346	380	4.815
346	379	6.333
346	348	6.616
346	349	5.545
347	381	4.742
347	380	6.205
347	348	3.843
347	349	5.303
347	382	6.514
348	381	5.715
348	380	7.997
348	350	5.490
348	351	5.350
348	352	6.443
348	349	3.843
348	383	6.867
348	382	4.814
349	381	6.075
349	380	6.529
349	350	3.866
349	351	5.378
349	389	7.227
349	352	5.019
349	353	6.613
349	382	5.343
350	351	3.797
350	354	6.498
350	389	6.187
350	352	5.572
350	386	7.676
350	353	5.467
350	383	7.093
350	382	5.678
350	385	7.176
350	384	6.331
351	355	6.104
351	354	4.733
351	352	3.812
351	353	5.235
352	356	6.492
352	355	5.195
352	354	5.523
352	353	3.849
352	357	5.367
352	358	7.017
353	356	5.035
353	355	5.387
353	354	3.882
353	389	7.938
353	357	5.567
353	358	5.556
353	388	7.925
354	356	5.446
354	355	3.847
354	357	7.668
355	356	3.861
355	357	5.689
356	359	7.428
356	357	3.866
356	358	5.659
357	360	5.325
357	361	6.087
357	359	5.634
357	358	3.882
358	360	5.556
358	361	5.062
358	359	3.891
358	362	6.082
359	360	3.851
359	363	6.043
359	361	5.550
359	362	5.238
360	363	4.843
360	361	3.855
360	364	6.166
360	362	5.518
361	363	5.355
361	365	6.027
361	364	5.056
361	362	3.863
362	367	6.594
362	363	3.861
362	365	5.137
362	364	5.428
362	366	5.249
363	367	4.845
363	368	6.524
363	365	5.871
363	364	3.874
363	366	5.916
364	367	6.257
364	368	5.875
364	370	7.362
364	365	3.865
364	366	6.207
365	367	6.227
365	368	6.588
365	370	6.002
365	366	3.872
365	372	7.951
365	396	7.796
366	367	3.867
366	368	6.066
366	370	7.325
366	372	7.647
367	368	3.861
367	369	7.335
368	370	5.778
368	369	3.870
369	370	3.858
369	371	6.588
370	371	3.871
370	372	6.411
371	372	3.863
371	376	5.889
371	373	6.803
371	375	6.030
372	374	6.430
372	376	6.292
372	373	3.830
372	375	5.711
373	378	7.091
373	377	6.815
373	374	3.832
373	397	6.085
373	376	5.405
373	396	6.346
373	375	5.332
373	398	5.783
374	377	6.596
374	397	7.840
374	376	5.647
374	375	3.906
374	398	5.648
375	377	6.677
375	376	3.832
376	378	6.275
376	377	3.817
377	379	6.852
377	378	3.840
378	380	6.803
378	379	3.829
378	397	5.912
378	396	7.226
378	398	7.898
379	381	6.686
379	380	3.831
379	397	7.594
380	381	3.824
380	393	7.226
380	382	6.660
381	383	7.228
381	382	3.832
382	383	3.843
382	385	6.856
382	384	5.586
383	409	5.884
383	385	6.972
383	384	3.862
383	408	6.797
384	523	7.696
384	386	6.182
384	409	4.503
384	385	3.861
384	408	5.951
385	389	5.802
385	386	3.865
385	387	6.730
385	388	7.971
385	409	7.070
385	408	6.935
385	598	7.312
385	390	6.519
386	389	5.435
386	387	3.841
386	388	5.457
386	598	7.874
386	390	6.392
387	389	5.466
387	388	3.839
387	391	6.176
387	390	4.886
388	389	3.863
388	392	6.246
388	391	5.133
388	390	5.475
389	392	4.852
389	391	5.304
389	393	5.949
389	390	3.848
390	392	5.568
390	391	3.853
390	393	5.146
390	394	6.180
391	392	3.858
391	393	5.462
391	395	6.210
391	394	5.063
392	396	6.188
392	393	3.854
392	395	5.119
392	394	5.483
393	397	5.463
393	396	5.395
393	395	5.475
393	394	3.857
394	397	5.746
394	396	5.837
394	398	7.652
394	395	3.837
395	397	6.118
395	396	3.850
396	397	3.865
396	398	6.984
397	398	3.857
397	400	6.095
397	399	6.857
398	400	5.343
398	399	3.894
399	401	7.027
399	400	3.851
400	401	3.826
400	402	6.410
401	403	6.270
401	402	3.840
402	404	6.732
402	403	3.842
402	601	7.484
403	405	6.625
403	404	3.844
404	405	3.862
404	406	6.232
404	407	7.140
404	408	6.397
405	406	3.795
405	407	6.520
405	408	7.058
406	407	3.813
406	408	6.293
406	410	7.794
407	409	6.363
407	408	3.849
407	410	5.421
407	599	7.620
408	409	3.852
408	598	6.663
408	410	5.542
408	599	6.578
409	526	7.921
409	411	6.938
409	523	7.584
409	598	7.471
409	410	3.870
410	526	7.490
410	411	3.860
410	412	6.900
410	562	7.982
410	563	7.656
410	559	7.391
411	526	6.048
411	530	7.076
411	412	3.836
411	415	7.739
411	413	6.394
411	563	6.689
411	559	7.870
412	530	7.099
412	533	6.885
412	415	5.896
412	414	5.288
412	413	3.862
412	563	7.724
413	416	7.643
413	415	5.478
413	414	3.885
413	563	6.176
414	536	6.695
414	539	6.113
414	534	7.813
414	533	5.172
414	538	5.015
414	416	6.629
414	537	6.942
414	415	3.884
415	540	5.587
415	539	4.536
415	541	6.573
415	530	7.917
415	532	6.981
415	529	7.562
415	533	5.158
415	538	6.038
415	416	3.829
415	417	6.041
416	540	4.910
416	539	6.126
416	541	6.013
416	538	7.664
416	418	6.669
416	417	3.839
416	565	6.862
417	542	6.029
417	540	6.242
417	541	4.769
417	566	7.416
417	419	6.631
417	418	3.845
417	565	6.253
417	543	7.847
417	560	7.610
418	542	4.734
418	540	7.837
418	541	6.137
418	566	7.074
418	419	3.824
418	420	6.411
418	565	7.921
418	543	6.247
419	544	6.307
419	542	5.954
419	420	3.833
419	421	6.981
419	568	7.050
419	543	4.856
419	545	6.674
419	567	7.805
420	544	5.353
420	422	6.168
420	542	7.467
420	421	3.813
420	568	7.794
420	543	6.171
420	545	5.867
421	544	5.995
421	422	3.848
421	546	5.780
421	423	6.858
421	545	4.882
422	430	7.733
422	426	6.159
422	544	5.497
422	427	5.860
422	424	6.588
422	546	5.952
422	423	3.814
422	545	5.800
423	425	5.510
423	426	5.275
423	427	6.283
423	424	3.838
423	546	6.023
423	545	7.811
424	425	3.865
424	426	5.587
424	427	5.595
424	546	7.670
425	428	7.000
425	426	3.814
425	427	5.895
426	430	6.138
426	428	5.429
426	429	5.339
426	427	3.876
427	431	5.985
427	516	6.823
427	430	5.154
427	428	3.862
427	544	7.166
427	429	5.676
428	432	6.448
428	431	5.101
428	430	5.519
428	429	3.843
429	433	6.469
429	432	5.195
429	431	5.423
429	430	3.842
430	433	5.089
430	432	5.450
430	431	3.852
430	434	6.348
431	433	5.471
431	432	3.860
431	435	6.156
431	516	7.677
431	434	5.151
432	433	3.856
432	435	5.005
432	434	5.480
432	436	6.022
433	435	5.506
433	434	3.860
433	436	5.084
433	437	6.231
434	435	3.853
434	436	5.480
434	437	5.084
434	438	6.233
435	436	3.863
435	437	5.417
435	438	4.933
436	437	3.847
436	438	5.407
437	438	3.875
437	439	6.510
438	440	6.543
438	442	6.646
438	439	3.850
439	441	5.795
439	440	3.875
439	442	5.654
440	441	3.869
440	442	5.737
441	493	7.813
441	490	7.553
441	443	6.820
441	442	3.862
442	493	6.690
442	509	7.863
442	444	6.302
442	443	3.804
442	510	7.010
442	512	7.420
442	511	5.831
443	493	4.801
443	490	7.084
443	487	7.251
443	509	6.689
443	494	6.107
443	495	7.947
443	445	6.707
443	444	3.841
443	510	4.790
443	512	6.603
443	511	5.681
444	493	6.221
444	446	6.399
444	494	4.895
444	495	6.399
444	445	3.835
444	514	7.314
444	510	5.980
444	512	4.767
444	511	6.305
444	513	5.891
445	446	3.853
445	494	6.024
445	495	4.971
445	496	6.207
445	447	6.532
445	497	7.143
445	514	6.092
445	510	6.816
445	512	6.312
445	513	4.827
446	494	7.231
446	495	6.018
446	496	4.717
446	515	6.070
446	447	3.834
446	448	6.694
446	497	6.016
446	516	6.347
446	514	4.693
446	513	6.076
447	449	6.976
447	496	6.087
447	515	4.811
447	448	3.836
447	497	5.036
447	499	7.013
447	498	5.812
447	516	5.560
447	518	7.912
447	517	6.397
447	514	6.041
447	513	7.603
447	528	7.700
448	454	6.163
448	451	7.820
448	450	5.918
448	453	6.311
448	449	3.833
448	496	7.238
448	515	6.748
448	497	6.180
448	499	7.322
448	498	5.303
448	516	5.549
448	518	7.633
448	517	4.924
449	451	7.122
449	450	3.843
449	453	6.911
449	499	6.843
449	498	5.904
449	519	6.961
449	518	7.487
449	517	5.681
450	452	5.452
450	454	6.463
450	451	3.846
450	453	4.920
450	498	6.422
451	452	3.863
451	455	6.552
451	474	7.302
451	473	7.254
451	472	5.806
451	454	5.137
451	453	5.355
451	498	6.374
452	456	6.004
452	455	5.068
452	454	5.332
452	453	3.833
453	456	5.141
453	455	5.580
453	454	3.846
453	457	5.938
454	456	5.579
454	455	3.856
454	458	6.076
454	472	7.247
454	471	7.535
454	470	6.379
454	457	5.177
454	496	5.883
454	497	6.375
454	498	6.819
455	459	6.132
455	456	3.859
455	458	5.203
455	470	6.916
455	457	5.532
456	459	5.114
456	458	5.610
456	460	6.116
456	457	3.858
457	459	5.377
457	458	3.859
457	461	6.077
457	460	4.919
457	496	7.387
458	459	3.852
458	469	6.294
458	462	6.034
458	470	6.206
458	461	5.232
458	460	5.466
458	468	6.323
458	496	6.601
459	463	6.278
459	462	5.176
459	461	5.672
459	460	3.855
460	463	5.274
460	462	5.467
460	461	3.852
460	464	6.362
461	463	5.550
461	462	3.847
461	465	6.417
461	464	5.088
461	467	7.658
461	468	6.681
461	466	5.351
462	463	3.868
462	465	5.034
462	464	5.432
462	467	6.494
462	468	6.482
462	466	5.204
463	465	5.278
463	464	3.866
463	466	7.496
464	465	3.883
464	466	5.948
465	467	6.667
465	466	3.857
466	467	3.821
466	468	5.760
466	494	7.916
467	493	6.477
467	492	4.643
467	491	7.187
467	469	7.149
467	468	3.843
467	494	6.601
468	493	6.388
468	492	4.872
468	469	3.833
468	470	7.060
468	494	4.577
468	495	5.884
468	496	7.329
469	483	5.758
469	492	6.208
469	487	7.468
469	486	7.662
469	471	7.178
469	470	3.873
469	494	6.402
469	495	5.154
469	496	6.220
470	483	6.508
470	480	7.902
470	472	6.771
470	471	3.833
470	495	5.567
470	496	4.532
470	497	5.885
471	475	6.698
471	483	6.809
471	480	5.714
471	473	7.174
471	472	3.838
471	495	7.245
471	496	6.207
471	497	4.879
471	501	5.925
471	502	7.468
471	498	6.689
472	475	5.815
472	480	7.670
472	474	5.644
472	473	3.836
472	497	6.012
472	501	5.059
472	498	5.329
472	500	6.978
473	476	7.956
473	475	5.717
473	474	3.884
473	501	6.092
473	498	7.840
473	500	6.793
474	476	6.438
474	475	3.876
475	476	3.806
475	477	6.297
475	480	6.287
475	479	6.077
476	478	5.381
476	477	3.796
476	480	6.342
476	479	5.222
477	478	3.855
477	481	6.299
477	480	4.892
477	479	5.445
478	481	5.144
478	482	6.130
478	480	5.379
478	479	3.847
479	483	5.967
479	481	5.463
479	482	4.909
479	480	3.861
480	483	5.210
480	481	3.860
480	482	5.506
480	484	6.281
481	483	5.561
481	482	3.841
481	484	5.140
481	485	6.158
482	483	3.869
482	486	6.086
482	484	5.416
482	485	4.951
483	487	6.123
483	486	5.072
483	484	3.854
483	485	5.454
483	495	7.649
484	488	5.941
484	487	5.084
484	486	5.522
484	485	3.841
485	488	5.119
485	489	5.937
485	487	5.467
485	486	3.873
486	493	7.753
486	492	5.380
486	491	5.090
486	490	6.219
486	488	5.729
486	489	5.268
486	487	3.866
487	493	5.338
487	492	5.077
487	491	6.205
487	490	5.164
487	488	3.881
487	489	5.472
487	494	6.721
487	495	6.387
488	493	7.894
488	491	7.898
488	490	5.574
488	489	3.865
488	508	7.415
488	507	6.916
489	492	7.690
489	491	5.522
489	490	3.865
490	493	4.846
490	492	5.353
490	491	3.881
491	493	6.069
491	492	3.824
492	493	3.878
492	494	5.546
492	495	7.290
493	494	3.872
493	495	6.697
494	495	3.845
494	496	6.578
495	496	3.848
495	497	6.196
496	497	3.831
496	498	7.213
497	501	6.244
497	499	6.625
497	502	5.887
497	498	3.803
498	501	5.426
498	499	3.838
498	502	6.304
498	500	5.619
499	501	5.631
499	502	5.614
499	528	7.768
499	503	6.122
499	500	3.867
499	524	7.704
500	501	3.832
500	502	5.878
500	503	5.475
501	505	7.912
501	504	7.867
501	502	3.857
501	503	5.529
502	505	5.510
502	504	6.127
502	528	7.708
502	503	3.838
503	505	5.822
503	504	3.857
503	528	7.724
503	527	7.440
504	505	3.815
504	506	6.323
505	506	3.767
505	507	5.683
505	531	7.948
506	508	6.119
506	507	3.773
506	531	7.399
507	508	3.787
507	509	6.453
507	510	6.402
507	531	6.895
508	509	3.830
508	510	5.990
508	534	7.634
509	510	3.839
509	511	5.873
509	532	7.129
509	534	7.638
510	512	5.794
510	511	3.835
510	539	7.540
510	531	6.657
510	513	7.172
510	532	5.105
510	533	7.876
511	540	6.101
511	512	3.830
511	539	5.155
511	513	6.912
511	532	5.708
511	533	7.337
511	538	7.406
512	514	6.394
512	542	7.564
512	540	4.772
512	539	6.226
512	513	3.827
512	541	5.808
512	532	6.503
513	515	6.589
513	514	3.835
513	542	6.295
513	540	6.251
513	539	7.908
513	531	7.100
513	541	4.688
513	532	6.398
513	528	7.439
513	529	6.005
514	515	3.824
514	516	5.703
514	544	7.914
514	542	4.857
514	541	5.905
514	543	5.786
515	516	3.834
515	518	5.426
515	517	5.138
515	544	6.062
515	542	6.195
515	541	7.646
515	528	7.917
515	543	4.489
516	518	6.528
516	517	3.819
516	544	5.511
516	543	6.363
517	519	6.498
517	518	3.838
517	544	6.335
517	543	7.511
517	545	7.663
518	519	3.868
518	544	6.637
518	549	6.843
518	525	7.202
518	543	6.618
518	545	6.782
518	520	6.738
519	525	6.092
519	524	6.446
519	522	7.249
519	521	5.466
519	520	3.835
520	549	7.165
520	522	7.071
520	521	3.847
520	551	7.119
520	552	6.458
521	525	6.634
521	523	5.667
521	524	5.783
521	522	3.834
521	552	6.496
522	525	4.841
522	526	6.301
522	556	6.750
522	523	3.851
522	524	5.465
522	552	6.775
522	555	6.384
523	525	5.397
523	526	5.234
523	524	3.837
523	527	6.324
524	525	3.869
524	526	5.451
524	528	6.090
524	527	4.885
525	526	3.875
525	528	5.162
525	529	6.342
525	527	5.454
526	530	5.946
526	528	5.555
526	529	5.470
526	527	3.861
527	531	7.007
527	530	5.098
527	528	3.872
527	529	5.780
528	531	5.743
528	530	5.417
528	529	3.843
529	531	5.287
529	541	5.844
529	530	3.865
529	532	5.976
530	531	3.880
530	532	5.280
530	534	7.390
530	533	6.547
531	532	3.875
531	534	7.216
531	533	6.966
532	540	6.897
532	539	4.908
532	541	7.514
532	534	5.641
532	533	3.877
532	538	7.630
533	535	6.968
533	536	6.470
533	540	7.421
533	539	4.031
533	534	3.874
533	538	4.889
533	537	5.315
534	535	3.854
534	536	5.537
534	539	7.597
534	538	7.510
534	537	5.631
535	536	3.865
535	537	5.613
536	538	6.398
536	537	3.837
537	539	6.462
537	538	3.837
538	540	7.061
538	539	3.826
539	540	3.818
539	541	6.649
540	542	6.572
540	541	3.821
541	542	3.852
541	543	6.645
542	544	6.903
542	543	3.815
543	544	3.803
543	545	6.257
544	546	6.912
544	545	3.818
545	549	6.144
545	547	7.295
545	546	3.835
545	548	7.803
546	549	5.672
546	547	3.862
546	550	7.395
546	548	5.510
547	549	5.496
547	550	5.684
547	548	3.878
548	549	3.851
548	550	5.761
548	551	7.564
549	550	3.872
549	553	6.705
549	551	5.375
549	552	5.759
550	574	7.827
550	553	5.211
550	551	3.868
550	552	5.633
551	553	5.786
551	552	3.884
551	554	7.675
552	556	5.943
552	553	3.903
552	555	5.541
552	554	5.742
553	556	5.302
553	557	6.085
553	575	5.815
553	574	7.203
553	571	6.760
553	555	5.830
553	554	3.833
554	556	5.374
554	557	4.983
554	575	5.379
554	555	3.832
554	558	6.096
555	556	3.857
555	557	5.506
555	559	6.110
555	558	5.168
556	560	6.106
556	557	3.863
556	559	5.038
556	558	5.579
557	560	5.182
557	561	6.197
557	567	7.181
557	572	6.914
557	575	7.615
557	571	7.015
557	559	5.387
557	558	3.858
558	562	6.147
558	560	5.742
558	561	5.397
558	559	3.879
559	562	4.993
559	563	6.045
559	560	3.873
559	561	5.534
560	566	7.195
560	562	5.418
560	564	6.133
560	565	5.138
560	563	5.047
560	561	3.855
560	567	6.410
561	566	7.949
561	562	3.846
561	564	5.089
561	565	6.126
561	563	5.517
561	567	6.985
562	564	5.496
562	565	7.778
562	563	3.847
563	564	3.910
563	565	5.510
564	566	6.969
564	565	3.849
565	566	3.833
565	567	6.086
566	568	6.455
566	567	3.847
567	568	3.852
567	569	6.281
567	572	7.470
567	571	7.126
568	569	3.862
568	572	6.925
568	571	5.378
568	570	5.484
569	572	5.361
569	573	6.403
569	571	5.459
569	570	3.847
570	572	5.534
570	574	6.115
570	573	5.026
570	571	3.875
571	572	3.853
571	575	6.216
571	574	5.097
571	573	5.456
572	576	6.306
572	575	5.200
572	574	5.500
572	573	3.850
573	576	5.142
573	577	6.117
573	575	5.580
573	574	3.865
574	576	5.337
574	577	4.976
574	575	3.844
574	578	6.029
575	576	3.850
575	577	5.665
575	578	5.489
575	579	6.389
576	577	3.872
576	578	5.684
576	579	5.579
576	580	5.997
577	578	3.845
577	581	5.936
577	579	5.733
577	580	5.628
578	582	6.691
578	581	5.978
578	579	3.855
578	580	5.975
579	582	5.718
579	583	7.209
579	581	5.891
579	580	3.854
580	582	5.507
580	583	5.882
580	581	3.887
581	582	3.880
581	584	6.806
581	583	5.887
582	584	6.115
582	583	3.863
582	585	7.887
583	584	3.886
583	586	7.116
583	585	5.848
584	586	5.965
584	585	3.897
585	586	3.777
585	587	7.033
586	587	3.672
586	588	6.302
587	588	3.824
587	589	6.323
588	590	6.968
588	589	3.838
589	591	6.818
589	590	3.801
590	591	3.830
590	592	5.836
591	593	6.335
591	592	3.895
592	594	6.444
592	593	3.857
593	594	3.748
593	595	5.544
594	596	6.732
594	595	3.837
595	597	6.701
595	596	3.817
596	598	6.830
596	599	7.950
596	597	3.819
597	598	3.785
597	599	6.549
598	599	3.879
598	600	6.741
599	600	3.916
599	601	7.118
600	601	3.825
600	602	6.256
600	604	7.413
601	605	7.423
601	602	3.852
601	604	5.863
601	603	5.388
602	605	4.971
602	604	5.269
602	603	3.888
602	606	7.270
603	605	5.495
603	604	3.853
603	606	6.061
603	607	7.789
604	605	3.885
604	606	5.689
604	607	6.037
605	608	7.048
605	606	3.885
605	607	5.978
606	608	6.179
606	607	3.880
606	609	7.477
607	608	3.865
607	609	6.424
608	609	3.866
608	611	7.993
608	610	6.325
609	611	6.145
609	610	3.858
610	611	3.859
610	612	6.476
611	613	6.462
611	612	3.773
612	613	3.839
612	614	6.238
613	615	6.126
613	614	3.833
614	615	3.834
614	616	5.994
615	616	3.841
615	617	5.774
616	618	6.226
616	617	3.843
617	619	6.053
617	618	3.792
618	619	3.853
618	620	6.336
619	620	3.822
619	621	6.406
620	621	3.813
620	622	7.097
621	622	3.782
621	623	6.882
622	623	3.389
622	624	6.956
623	624	3.837
623	625	7.308
624	625	3.893
624	626	6.878
625	626	3.171
625	627	6.768
626	627	3.876
626	628	7.180
627	628	3.783
627	629	7.385
628	630	6.835
628	629	3.882
629	630	3.349
629	631	6.329
630	632	7.037
630	631	3.214
631	633	6.940
631	632	3.882
632	634	7.008
632	633	3.213
633	634	3.915
633	635	7.307
634	636	7.085
634	635	3.794
635	636	3.856
635	637	7.138
636	638	7.196
636	637	3.822
637	638	3.839
637	639	6.928
638	640	6.821
638	639	3.130
639	640	3.828
639	641	7.255
640	642	6.650
640	641	3.861
641	643	6.955
641	642	3.875
642	643	3.791
642	644	6.108
643	645	6.749
643	644	3.814
644	646	6.566
644	645	3.826
645	647	6.650
645	646	3.794
646	647	3.823
646	648	7.037
647	648	3.798
647	649	6.515
648	649	3.813
648	650	6.220
649	651	6.325
649	650	3.834
650	652	5.895
650	651	3.836
651	652	3.852
651	653	6.049
652	653	3.804
652	654	5.711
653	655	5.965
653	654	3.844
654	655	3.778
654	656	5.535
655	657	5.916
655	656	3.781
656	658	5.865
656	657	3.810
657	658	3.818
657	659	5.791
658	661	6.487
658	660	5.300
658	659	3.842
659	661	6.585
659	660	3.863
660	661	3.826
660	662	6.379
661	662	3.879
